InvoiceNo,CustomerID,InvoiceDate,Quantity,UnitPrice,Country,TotalAmount
115795,1063.0,2024-01-01 00:00:00,1,38.99,India,38.99
100860,1097.0,2024-01-01 01:00:00,8,51.95,USA,415.6
154886,1055.0,2024-01-01 03:00:00,1,36.84,UK,36.84
106265,1058.0,2024-01-01 04:00:00,2,21.51,India,43.02
137194,1032.0,2024-01-01 06:00:00,1,83.47,India,83.47
187498,1052.0,2024-01-01 07:00:00,9,14.56,USA,131.04
144131,1021.0,2024-01-01 08:00:00,1,27.79,UK,27.79
160263,1020.0,2024-01-01 09:00:00,4,18.49,UK,73.96
116023,1069.0,2024-01-01 10:00:00,6,38.05,Germany,228.29999999999998
141090,1069.0,2024-01-01 11:00:00,7,47.78,USA,334.46000000000004
167221,1003.0,2024-01-01 12:00:00,2,76.14,USA,152.28
164820,1093.0,2024-01-01 13:00:00,6,66.86,Germany,401.15999999999997
100769,1074.0,2024-01-01 14:00:00,7,63.99,Germany,447.93
159735,1061.0,2024-01-01 15:00:00,2,38.48,USA,76.96
162955,1061.0,2024-01-01 16:00:00,2,84.94,Germany,169.88
164925,1093.0,2024-01-01 17:00:00,7,49.77,UK,348.39000000000004
167969,1094.0,2024-01-01 18:00:00,1,98.01,India,98.01
105311,1023.0,2024-01-01 19:00:00,8,65.24,UK,521.92
183104,1054.0,2024-01-01 20:00:00,3,17.0,Germany,51.0
153707,1008.0,2024-01-01 21:00:00,6,69.24,USA,415.43999999999994
185305,1002.0,2024-01-01 22:00:00,9,35.88,USA,322.92
128693,1030.0,2024-01-01 23:00:00,6,70.2,UK,421.20000000000005
171932,1039.0,2024-01-02 00:00:00,9,11.62,USA,104.58
193016,1035.0,2024-01-02 01:00:00,7,21.61,Germany,151.26999999999998
125658,1023.0,2024-01-02 02:00:00,9,86.3,UK,776.6999999999999
184478,1094.0,2024-01-02 03:00:00,2,26.58,USA,53.16
118431,1005.0,2024-01-02 04:00:00,8,84.52,India,676.16
102747,1065.0,2024-01-02 05:00:00,8,31.53,India,252.24
159150,1083.0,2024-01-02 06:00:00,2,66.07,Germany,132.14
165725,1091.0,2024-01-02 07:00:00,4,70.94,USA,283.76
184654,1074.0,2024-01-02 08:00:00,7,53.7,Germany,375.90000000000003
135773,1003.0,2024-01-02 09:00:00,4,34.0,UK,136.0
167435,1078.0,2024-01-02 10:00:00,4,25.2,India,100.8
156886,1005.0,2024-01-02 11:00:00,6,8.15,UK,48.900000000000006
166803,1093.0,2024-01-02 12:00:00,6,33.87,USA,203.21999999999997
131551,1050.0,2024-01-02 13:00:00,3,67.05,Germany,201.14999999999998
111394,1061.0,2024-01-02 14:00:00,9,94.14,Germany,847.26
103890,1065.0,2024-01-02 16:00:00,6,77.78,UK,466.68
141606,1078.0,2024-01-02 17:00:00,7,79.9,India,559.3000000000001
196276,1074.0,2024-01-02 18:00:00,9,68.17,UK,613.53
180038,1007.0,2024-01-02 19:00:00,3,29.73,UK,89.19
187313,1025.0,2024-01-02 20:00:00,3,91.18,USA,273.54
110627,1050.0,2024-01-02 21:00:00,7,68.72,USA,481.03999999999996
108792,1044.0,2024-01-02 22:00:00,4,58.24,USA,232.96
173969,1043.0,2024-01-02 23:00:00,8,15.54,India,124.32
143001,1004.0,2024-01-03 00:00:00,7,47.47,India,332.28999999999996
176552,1069.0,2024-01-03 01:00:00,5,48.73,USA,243.64999999999998
123897,1025.0,2024-01-03 02:00:00,7,87.13,USA,609.91
168148,1067.0,2024-01-03 03:00:00,3,56.93,India,170.79
123483,1018.0,2024-01-03 04:00:00,2,41.14,Germany,82.28
148555,1083.0,2024-01-03 05:00:00,6,97.8,India,586.8
117159,1096.0,2024-01-03 06:00:00,2,15.52,India,31.04
180077,1019.0,2024-01-03 07:00:00,3,45.14,India,135.42000000000002
135920,1011.0,2024-01-03 08:00:00,6,8.99,USA,53.94
192067,1046.0,2024-01-03 09:00:00,5,75.29,Germany,376.45000000000005
167121,1000.0,2024-01-03 10:00:00,8,92.22,India,737.76
169479,1089.0,2024-01-03 11:00:00,9,31.6,USA,284.40000000000003
119457,1063.0,2024-01-03 13:00:00,3,32.76,UK,98.28
166557,1037.0,2024-01-03 14:00:00,3,91.52,India,274.56
177189,1036.0,2024-01-03 15:00:00,6,76.63,UK,459.78
178953,1010.0,2024-01-03 16:00:00,1,81.47,Germany,81.47
152995,1099.0,2024-01-03 17:00:00,7,6.71,UK,46.97
140757,1076.0,2024-01-03 18:00:00,1,96.47,UK,96.47
109692,1002.0,2024-01-03 19:00:00,5,74.03,Germany,370.15
145758,1032.0,2024-01-03 20:00:00,8,33.95,India,271.6
172409,1005.0,2024-01-03 21:00:00,4,83.79,India,335.16
171211,1049.0,2024-01-03 22:00:00,5,31.74,Germany,158.7
165697,1009.0,2024-01-03 23:00:00,4,87.91,Germany,351.64
137065,1004.0,2024-01-04 00:00:00,4,15.7,Germany,62.8
192093,1022.0,2024-01-04 01:00:00,8,71.85,UK,574.8
199299,1009.0,2024-01-04 02:00:00,2,56.37,Germany,112.74
132606,1043.0,2024-01-04 03:00:00,1,14.17,USA,14.17
111534,1001.0,2024-01-04 04:00:00,3,27.98,UK,83.94
194663,1012.0,2024-01-04 05:00:00,9,6.18,India,55.62
140397,1039.0,2024-01-04 06:00:00,4,49.53,India,198.12
191387,1001.0,2024-01-04 07:00:00,5,33.62,India,168.1
101016,1083.0,2024-01-04 08:00:00,2,61.84,UK,123.68
189789,1064.0,2024-01-04 09:00:00,4,33.24,USA,132.96
155591,1062.0,2024-01-04 10:00:00,2,33.49,Germany,66.98
189812,1072.0,2024-01-04 11:00:00,2,75.6,Germany,151.2
123247,1016.0,2024-01-04 12:00:00,4,9.57,India,38.28
124300,1008.0,2024-01-04 13:00:00,6,90.78,India,544.6800000000001
174065,1074.0,2024-01-04 14:00:00,7,85.97,UK,601.79
182798,1014.0,2024-01-04 15:00:00,3,68.44,USA,205.32
109268,1023.0,2024-01-04 16:00:00,3,61.36,Germany,184.07999999999998
186807,1037.0,2024-01-04 17:00:00,6,89.77,UK,538.62
112185,1034.0,2024-01-04 18:00:00,3,22.61,Germany,67.83
163704,1093.0,2024-01-04 19:00:00,2,12.5,India,25.0
186779,1094.0,2024-01-04 20:00:00,8,27.75,Germany,222.0
139099,1048.0,2024-01-04 21:00:00,5,80.48,USA,402.40000000000003
108571,1068.0,2024-01-04 22:00:00,1,8.29,USA,8.29
138044,1061.0,2024-01-04 23:00:00,3,60.37,India,181.10999999999999
151214,1059.0,2024-01-05 00:00:00,8,99.57,USA,796.56
161228,1049.0,2024-01-05 01:00:00,4,86.29,USA,345.16
148984,1077.0,2024-01-05 02:00:00,7,54.54,UK,381.78
140774,1074.0,2024-01-05 03:00:00,2,11.05,Germany,22.1
102568,1008.0,2024-01-05 04:00:00,7,83.98,India,587.86
162592,1033.0,2024-01-05 05:00:00,5,61.9,India,309.5
167563,1075.0,2024-01-05 06:00:00,5,15.92,India,79.6
102695,1098.0,2024-01-05 07:00:00,6,13.92,India,83.52
148190,1034.0,2024-01-05 08:00:00,9,91.41,India,822.6899999999999
105258,1000.0,2024-01-05 09:00:00,6,68.57,USA,411.41999999999996
187538,1039.0,2024-01-05 10:00:00,8,83.78,UK,670.24
139504,1063.0,2024-01-05 11:00:00,7,88.5,India,619.5
133159,1021.0,2024-01-05 12:00:00,9,59.32,UK,533.88
113986,1059.0,2024-01-05 13:00:00,4,54.16,UK,216.64
161858,1063.0,2024-01-05 14:00:00,2,45.89,USA,91.78
112666,1092.0,2024-01-05 15:00:00,7,35.11,India,245.76999999999998
138660,1071.0,2024-01-05 16:00:00,6,46.29,USA,277.74
126854,1013.0,2024-01-05 18:00:00,9,62.18,USA,559.62
164505,1059.0,2024-01-05 19:00:00,9,89.79,UK,808.11
152251,1029.0,2024-01-05 20:00:00,2,47.12,India,94.24
122662,1034.0,2024-01-05 21:00:00,3,62.67,Germany,188.01
108392,1084.0,2024-01-05 22:00:00,5,64.97,UK,324.85
130535,1036.0,2024-01-05 23:00:00,5,61.21,Germany,306.05
178603,1004.0,2024-01-06 00:00:00,1,71.75,UK,71.75
152256,1082.0,2024-01-06 01:00:00,8,27.56,USA,220.48
189135,1077.0,2024-01-06 02:00:00,8,53.67,India,429.36
135222,1025.0,2024-01-06 03:00:00,4,14.9,UK,59.6
177373,1061.0,2024-01-06 04:00:00,7,41.53,USA,290.71000000000004
179575,1003.0,2024-01-06 05:00:00,3,51.33,India,153.99
196354,1088.0,2024-01-06 06:00:00,6,66.96,India,401.76
184651,1041.0,2024-01-06 07:00:00,9,95.3,UK,857.6999999999999
163335,1088.0,2024-01-06 08:00:00,1,62.06,India,62.06
110965,1017.0,2024-01-06 09:00:00,5,75.64,UK,378.2
124538,1039.0,2024-01-06 10:00:00,4,53.1,India,212.4
170592,1071.0,2024-01-06 11:00:00,8,65.24,Germany,521.92
108110,1013.0,2024-01-06 13:00:00,9,29.17,Germany,262.53000000000003
127266,1050.0,2024-01-06 15:00:00,4,49.89,Germany,199.56
152992,1037.0,2024-01-06 16:00:00,9,9.34,UK,84.06
182948,1096.0,2024-01-06 17:00:00,5,18.3,India,91.5
198806,1022.0,2024-01-06 18:00:00,5,31.3,India,156.5
106910,1062.0,2024-01-06 19:00:00,5,97.3,UK,486.5
190982,1014.0,2024-01-06 20:00:00,1,36.48,Germany,36.48
100206,1096.0,2024-01-06 21:00:00,1,50.79,India,50.79
187054,1024.0,2024-01-06 22:00:00,8,23.63,USA,189.04
187897,1016.0,2024-01-06 23:00:00,8,63.02,India,504.16
123419,1096.0,2024-01-07 00:00:00,6,31.66,USA,189.96
150636,1065.0,2024-01-07 01:00:00,4,24.66,Germany,98.64
150015,1077.0,2024-01-07 02:00:00,2,54.07,USA,108.14
154268,1052.0,2024-01-07 03:00:00,2,5.52,USA,11.04
187939,1050.0,2024-01-07 04:00:00,9,5.73,USA,51.57000000000001
118141,1038.0,2024-01-07 05:00:00,5,25.81,USA,129.04999999999998
180356,1050.0,2024-01-07 06:00:00,4,8.49,India,33.96
171910,1069.0,2024-01-07 07:00:00,1,15.26,USA,15.26
156044,1005.0,2024-01-07 08:00:00,7,37.19,India,260.33
167214,1066.0,2024-01-07 09:00:00,3,81.25,USA,243.75
133827,1006.0,2024-01-07 10:00:00,6,59.34,UK,356.04
155820,1050.0,2024-01-07 11:00:00,5,53.7,Germany,268.5
162623,1071.0,2024-01-07 12:00:00,5,32.88,USA,164.4
181734,1041.0,2024-01-07 13:00:00,5,93.52,UK,467.59999999999997
175450,1063.0,2024-01-07 14:00:00,1,42.72,USA,42.72
193426,1014.0,2024-01-07 15:00:00,1,13.27,USA,13.27
122299,1028.0,2024-01-07 16:00:00,3,63.62,USA,190.85999999999999
143585,1032.0,2024-01-07 17:00:00,4,15.81,UK,63.24
164044,1093.0,2024-01-07 18:00:00,5,37.8,Germany,189.0
142557,1026.0,2024-01-07 19:00:00,2,53.2,UK,106.4
149080,1035.0,2024-01-07 20:00:00,8,88.05,Germany,704.4
102693,1028.0,2024-01-07 21:00:00,2,51.89,USA,103.78
195003,1037.0,2024-01-07 22:00:00,9,71.71,India,645.39
195259,1056.0,2024-01-07 23:00:00,2,99.32,USA,198.64
169163,1096.0,2024-01-08 00:00:00,9,17.49,Germany,157.41
125939,1026.0,2024-01-08 01:00:00,7,31.1,UK,217.70000000000002
148925,1054.0,2024-01-08 02:00:00,8,42.48,USA,339.84
121834,1067.0,2024-01-08 04:00:00,7,44.05,UK,308.34999999999997
118047,1085.0,2024-01-08 05:00:00,6,91.22,UK,547.3199999999999
126105,1065.0,2024-01-08 06:00:00,4,72.83,USA,291.32
175766,1009.0,2024-01-08 07:00:00,7,62.75,UK,439.25
115707,1004.0,2024-01-08 08:00:00,4,34.39,UK,137.56
121976,1073.0,2024-01-08 09:00:00,2,83.26,USA,166.52
144262,1096.0,2024-01-08 10:00:00,7,95.73,UK,670.11
123776,1037.0,2024-01-08 11:00:00,8,83.01,USA,664.08
166842,1030.0,2024-01-08 13:00:00,5,65.46,Germany,327.29999999999995
161373,1046.0,2024-01-08 14:00:00,1,9.86,Germany,9.86
106776,1099.0,2024-01-08 15:00:00,7,29.47,UK,206.29
192787,1087.0,2024-01-08 16:00:00,8,10.65,India,85.2
155016,1051.0,2024-01-08 17:00:00,6,62.36,India,374.15999999999997
109474,1055.0,2024-01-08 18:00:00,5,70.23,UK,351.15000000000003
158053,1014.0,2024-01-08 19:00:00,6,15.88,India,95.28
121959,1028.0,2024-01-08 20:00:00,2,41.46,USA,82.92
105530,1007.0,2024-01-08 21:00:00,1,48.34,India,48.34
194856,1004.0,2024-01-08 22:00:00,7,40.06,UK,280.42
103748,1028.0,2024-01-08 23:00:00,7,16.5,UK,115.5
197504,1046.0,2024-01-09 00:00:00,2,44.8,USA,89.6
198098,1067.0,2024-01-09 01:00:00,2,76.36,Germany,152.72
113545,1075.0,2024-01-09 02:00:00,1,11.75,UK,11.75
166199,1044.0,2024-01-09 03:00:00,8,12.62,USA,100.96
134766,1001.0,2024-01-09 04:00:00,8,38.7,India,309.6
173530,1026.0,2024-01-09 05:00:00,1,94.46,India,94.46
193557,1094.0,2024-01-09 06:00:00,8,68.51,USA,548.08
161087,1035.0,2024-01-09 07:00:00,9,69.47,USA,625.23
195839,1035.0,2024-01-09 08:00:00,4,39.38,UK,157.52
168840,1025.0,2024-01-09 09:00:00,1,61.4,India,61.4
154384,1042.0,2024-01-09 10:00:00,1,5.96,USA,5.96
151005,1026.0,2024-01-09 11:00:00,3,65.43,India,196.29000000000002
146576,1068.0,2024-01-09 12:00:00,5,91.76,USA,458.8
139353,1019.0,2024-01-09 13:00:00,5,63.19,India,315.95
162003,1010.0,2024-01-09 14:00:00,9,88.0,Germany,792.0
152733,1037.0,2024-01-09 16:00:00,2,16.45,India,32.9
165318,1005.0,2024-01-09 17:00:00,6,90.73,Germany,544.38
189474,1071.0,2024-01-09 18:00:00,9,11.31,India,101.79
123664,1022.0,2024-01-09 19:00:00,1,55.73,India,55.73
167172,1046.0,2024-01-09 20:00:00,9,18.5,Germany,166.5
185616,1089.0,2024-01-09 21:00:00,9,6.11,India,54.99
193264,1045.0,2024-01-09 22:00:00,9,45.09,India,405.81000000000006
126736,1011.0,2024-01-09 23:00:00,5,33.03,UK,165.15
194209,1089.0,2024-01-10 00:00:00,9,51.17,Germany,460.53000000000003
100854,1012.0,2024-01-10 01:00:00,4,59.83,Germany,239.32
190084,1061.0,2024-01-10 02:00:00,2,9.16,USA,18.32
138623,1081.0,2024-01-10 03:00:00,6,16.69,India,100.14000000000001
107392,1088.0,2024-01-10 04:00:00,4,58.07,UK,232.28
155680,1096.0,2024-01-10 05:00:00,6,37.6,India,225.60000000000002
146717,1059.0,2024-01-10 06:00:00,3,74.27,India,222.81
187092,1042.0,2024-01-10 07:00:00,6,66.97,USA,401.82
150859,1075.0,2024-01-10 08:00:00,2,85.33,India,170.66
126309,1099.0,2024-01-10 09:00:00,2,70.79,UK,141.58
187455,1067.0,2024-01-10 10:00:00,9,45.84,UK,412.56000000000006
163734,1004.0,2024-01-10 11:00:00,7,68.93,USA,482.51000000000005
170467,1036.0,2024-01-10 12:00:00,3,31.16,India,93.48
152662,1071.0,2024-01-10 13:00:00,1,34.1,UK,34.1
198506,1091.0,2024-01-10 14:00:00,8,79.95,India,639.6
112688,1030.0,2024-01-10 15:00:00,6,47.41,India,284.46
125342,1008.0,2024-01-10 16:00:00,7,80.85,India,565.9499999999999
167863,1028.0,2024-01-10 18:00:00,5,86.47,India,432.35
152083,1077.0,2024-01-10 19:00:00,1,92.08,UK,92.08
165733,1039.0,2024-01-10 20:00:00,7,45.94,India,321.58
189045,1040.0,2024-01-10 21:00:00,5,35.29,UK,176.45
134698,1085.0,2024-01-10 22:00:00,3,60.31,India,180.93
180623,1010.0,2024-01-10 23:00:00,9,40.26,UK,362.34
122671,1022.0,2024-01-11 00:00:00,1,62.1,UK,62.1
125184,1000.0,2024-01-11 01:00:00,1,72.03,India,72.03
193384,1045.0,2024-01-11 02:00:00,1,70.4,India,70.4
142107,1020.0,2024-01-11 03:00:00,3,40.58,UK,121.74
186202,1089.0,2024-01-11 04:00:00,6,20.85,Germany,125.10000000000001
151663,1035.0,2024-01-11 05:00:00,3,45.9,USA,137.7
115708,1053.0,2024-01-11 06:00:00,8,18.55,Germany,148.4
191906,1086.0,2024-01-11 07:00:00,2,89.56,Germany,179.12
149811,1056.0,2024-01-11 08:00:00,9,37.86,India,340.74
102811,1000.0,2024-01-11 09:00:00,3,19.67,USA,59.010000000000005
156250,1062.0,2024-01-11 10:00:00,5,7.42,Germany,37.1
172082,1053.0,2024-01-11 11:00:00,8,66.35,India,530.8
134754,1054.0,2024-01-11 12:00:00,2,65.51,Germany,131.02
195742,1039.0,2024-01-11 13:00:00,6,37.36,Germany,224.16
111411,1014.0,2024-01-11 14:00:00,5,11.81,India,59.050000000000004
102911,1020.0,2024-01-11 15:00:00,9,43.91,India,395.18999999999994
167270,1046.0,2024-01-11 16:00:00,5,34.57,India,172.85
183763,1072.0,2024-01-11 17:00:00,2,69.33,USA,138.66
108680,1052.0,2024-01-11 18:00:00,5,62.55,Germany,312.75
184896,1008.0,2024-01-11 19:00:00,4,39.64,India,158.56
183879,1073.0,2024-01-11 20:00:00,7,25.7,UK,179.9
171295,1051.0,2024-01-11 21:00:00,6,98.86,Germany,593.16
188614,1056.0,2024-01-11 22:00:00,2,48.13,UK,96.26
111111,1025.0,2024-01-11 23:00:00,5,70.39,USA,351.95
137504,1040.0,2024-01-12 00:00:00,7,18.35,India,128.45000000000002
101802,1034.0,2024-01-12 01:00:00,7,51.13,UK,357.91
108155,1062.0,2024-01-12 02:00:00,5,7.62,USA,38.1
173656,1024.0,2024-01-12 03:00:00,9,53.02,India,477.18
139384,1089.0,2024-01-12 04:00:00,4,96.58,UK,386.32
147254,1074.0,2024-01-12 05:00:00,3,41.5,UK,124.5
121918,1037.0,2024-01-12 06:00:00,4,8.7,USA,34.8
185981,1001.0,2024-01-12 07:00:00,5,7.94,India,39.7
160713,1006.0,2024-01-12 08:00:00,6,41.86,India,251.16
130306,1081.0,2024-01-12 09:00:00,3,20.2,UK,60.599999999999994
116646,1090.0,2024-01-12 10:00:00,2,7.22,UK,14.44
146843,1033.0,2024-01-12 11:00:00,4,76.84,UK,307.36
196601,1090.0,2024-01-12 12:00:00,5,48.56,India,242.8
190735,1016.0,2024-01-12 13:00:00,4,32.48,USA,129.92
116371,1042.0,2024-01-12 14:00:00,3,90.51,USA,271.53000000000003
177371,1058.0,2024-01-12 15:00:00,8,16.03,India,128.24
102049,1050.0,2024-01-12 16:00:00,4,95.81,Germany,383.24
131616,1053.0,2024-01-12 17:00:00,2,34.83,USA,69.66
120932,1023.0,2024-01-12 18:00:00,2,89.4,UK,178.8
129855,1024.0,2024-01-12 19:00:00,1,62.28,Germany,62.28
161434,1070.0,2024-01-12 20:00:00,4,83.54,Germany,334.16
143016,1069.0,2024-01-12 22:00:00,7,32.4,Germany,226.79999999999998
107400,1087.0,2024-01-12 23:00:00,7,96.31,Germany,674.1700000000001
142642,1032.0,2024-01-13 00:00:00,7,42.0,USA,294.0
115151,1048.0,2024-01-13 01:00:00,8,41.62,USA,332.96
151407,1028.0,2024-01-13 02:00:00,1,37.34,Germany,37.34
166690,1062.0,2024-01-13 03:00:00,8,56.43,UK,451.44
104499,1021.0,2024-01-13 04:00:00,4,19.64,India,78.56
106295,1025.0,2024-01-13 05:00:00,4,57.6,Germany,230.4
159040,1027.0,2024-01-13 06:00:00,4,56.46,Germany,225.84
112183,1084.0,2024-01-13 07:00:00,6,77.38,UK,464.28
129299,1048.0,2024-01-13 08:00:00,7,84.2,Germany,589.4
112874,1070.0,2024-01-13 09:00:00,6,46.84,Germany,281.04
132711,1080.0,2024-01-13 10:00:00,1,33.72,India,33.72
105539,1083.0,2024-01-13 11:00:00,8,29.64,India,237.12
153351,1048.0,2024-01-13 12:00:00,7,23.49,India,164.42999999999998
161267,1019.0,2024-01-13 13:00:00,6,10.48,USA,62.88
148354,1085.0,2024-01-13 14:00:00,6,37.53,USA,225.18
102557,1091.0,2024-01-13 15:00:00,5,30.67,India,153.35000000000002
138360,1062.0,2024-01-13 16:00:00,6,96.81,India,580.86
182018,1060.0,2024-01-13 17:00:00,9,57.98,USA,521.8199999999999
102200,1048.0,2024-01-13 18:00:00,9,37.99,UK,341.91
168497,1070.0,2024-01-13 19:00:00,8,60.14,Germany,481.12
177505,1012.0,2024-01-13 22:00:00,8,64.49,UK,515.92
102869,1093.0,2024-01-13 23:00:00,1,51.45,USA,51.45
161135,1086.0,2024-01-14 00:00:00,5,43.17,India,215.85000000000002
150108,1050.0,2024-01-14 01:00:00,4,99.42,UK,397.68
194179,1055.0,2024-01-14 02:00:00,2,88.63,UK,177.26
190272,1082.0,2024-01-14 03:00:00,8,64.22,UK,513.76
138467,1061.0,2024-01-14 04:00:00,3,59.09,USA,177.27
123328,1031.0,2024-01-14 05:00:00,4,63.96,USA,255.84
191412,1029.0,2024-01-14 06:00:00,7,24.12,Germany,168.84
186831,1028.0,2024-01-14 07:00:00,9,42.54,Germany,382.86
103987,1048.0,2024-01-14 08:00:00,2,8.75,UK,17.5
158871,1044.0,2024-01-14 09:00:00,3,50.18,UK,150.54
122399,1092.0,2024-01-14 10:00:00,4,56.59,USA,226.36
146214,1029.0,2024-01-14 11:00:00,1,26.64,Germany,26.64
199522,1015.0,2024-01-14 12:00:00,7,96.58,UK,676.06
186416,1039.0,2024-01-14 13:00:00,2,91.4,Germany,182.8
170271,1018.0,2024-01-14 14:00:00,5,73.6,Germany,368.0
144064,1017.0,2024-01-14 15:00:00,1,55.67,UK,55.67
170091,1000.0,2024-01-14 16:00:00,3,87.65,USA,262.95000000000005
140818,1077.0,2024-01-14 17:00:00,2,17.41,UK,34.82
145525,1046.0,2024-01-14 18:00:00,1,80.1,UK,80.1
119830,1065.0,2024-01-14 19:00:00,7,16.86,Germany,118.02
117429,1091.0,2024-01-14 20:00:00,5,80.45,UK,402.25
106893,1093.0,2024-01-14 21:00:00,1,31.2,USA,31.2
179909,1037.0,2024-01-14 22:00:00,6,88.32,UK,529.92
147333,1050.0,2024-01-14 23:00:00,5,94.68,USA,473.40000000000003
103436,1062.0,2024-01-15 00:00:00,3,19.14,USA,57.42
174290,1003.0,2024-01-15 01:00:00,7,48.95,Germany,342.65000000000003
176213,1000.0,2024-01-15 02:00:00,9,98.19,India,883.71
105895,1007.0,2024-01-15 03:00:00,9,50.92,India,458.28000000000003
119738,1028.0,2024-01-15 04:00:00,9,87.04,Germany,783.36
130746,1054.0,2024-01-15 05:00:00,2,60.93,UK,121.86
149377,1002.0,2024-01-15 06:00:00,3,40.66,Germany,121.97999999999999
154045,1009.0,2024-01-15 08:00:00,5,24.31,India,121.55
197888,1073.0,2024-01-15 09:00:00,2,77.37,Germany,154.74
139790,1082.0,2024-01-15 10:00:00,3,41.72,UK,125.16
105600,1033.0,2024-01-15 11:00:00,6,53.57,Germany,321.42
194660,1096.0,2024-01-15 12:00:00,7,51.77,India,362.39000000000004
193179,1086.0,2024-01-15 13:00:00,9,59.84,Germany,538.5600000000001
140764,1054.0,2024-01-15 14:00:00,1,87.23,Germany,87.23
174543,1091.0,2024-01-15 15:00:00,7,98.17,India,687.19
145714,1031.0,2024-01-15 16:00:00,8,43.72,USA,349.76
156835,1049.0,2024-01-15 17:00:00,3,83.61,USA,250.82999999999998
173744,1006.0,2024-01-15 18:00:00,4,77.63,India,310.52
156491,1092.0,2024-01-15 19:00:00,6,59.49,Germany,356.94
118589,1007.0,2024-01-15 20:00:00,7,95.82,India,670.74
182989,1056.0,2024-01-15 22:00:00,8,15.38,UK,123.04
136212,1066.0,2024-01-15 23:00:00,5,86.13,Germany,430.65
143525,1087.0,2024-01-16 00:00:00,1,46.72,USA,46.72
147202,1086.0,2024-01-16 01:00:00,4,85.46,Germany,341.84
132635,1058.0,2024-01-16 02:00:00,3,89.84,India,269.52
163208,1071.0,2024-01-16 03:00:00,9,10.93,UK,98.37
133828,1053.0,2024-01-16 04:00:00,8,88.93,India,711.44
118711,1066.0,2024-01-16 05:00:00,1,47.59,UK,47.59
103420,1050.0,2024-01-16 06:00:00,6,53.49,Germany,320.94
196752,1096.0,2024-01-16 07:00:00,9,64.53,Germany,580.77
100301,1091.0,2024-01-16 08:00:00,7,93.01,India,651.07
145236,1007.0,2024-01-16 09:00:00,4,6.82,UK,27.28
166235,1033.0,2024-01-16 10:00:00,1,50.3,UK,50.3
154240,1034.0,2024-01-16 11:00:00,2,70.33,Germany,140.66
165726,1095.0,2024-01-16 12:00:00,5,73.66,India,368.29999999999995
110492,1087.0,2024-01-16 13:00:00,5,70.79,UK,353.95000000000005
106102,1077.0,2024-01-16 14:00:00,8,17.77,Germany,142.16
150336,1031.0,2024-01-16 15:00:00,6,33.44,USA,200.64
185314,1045.0,2024-01-16 16:00:00,8,39.08,India,312.64
126641,1015.0,2024-01-16 17:00:00,2,81.42,USA,162.84
134584,1067.0,2024-01-16 18:00:00,3,31.48,India,94.44
132745,1036.0,2024-01-16 19:00:00,6,25.02,Germany,150.12
123093,1053.0,2024-01-16 20:00:00,3,95.96,UK,287.88
166105,1084.0,2024-01-16 21:00:00,6,5.84,UK,35.04
151885,1013.0,2024-01-16 22:00:00,6,99.79,UK,598.74
136631,1094.0,2024-01-16 23:00:00,2,69.3,India,138.6
172991,1054.0,2024-01-17 00:00:00,7,83.7,Germany,585.9
104014,1047.0,2024-01-17 01:00:00,2,32.99,USA,65.98
111093,1081.0,2024-01-17 02:00:00,6,6.36,Germany,38.160000000000004
118070,1006.0,2024-01-17 03:00:00,1,75.1,USA,75.1
135777,1073.0,2024-01-17 04:00:00,3,84.24,India,252.71999999999997
156958,1006.0,2024-01-17 05:00:00,2,75.35,India,150.7
182074,1032.0,2024-01-17 06:00:00,7,18.57,USA,129.99
199713,1084.0,2024-01-17 08:00:00,8,78.05,USA,624.4
145017,1018.0,2024-01-17 09:00:00,6,67.56,Germany,405.36
166320,1018.0,2024-01-17 10:00:00,4,77.78,USA,311.12
127751,1035.0,2024-01-17 11:00:00,5,85.36,India,426.8
178069,1028.0,2024-01-17 12:00:00,9,63.29,India,569.61
154748,1059.0,2024-01-17 13:00:00,7,13.42,UK,93.94
105801,1081.0,2024-01-17 14:00:00,9,51.32,USA,461.88
149689,1000.0,2024-01-17 16:00:00,1,43.72,Germany,43.72
150993,1046.0,2024-01-17 17:00:00,8,43.68,Germany,349.44
129592,1068.0,2024-01-17 18:00:00,4,11.27,UK,45.08
110647,1019.0,2024-01-17 19:00:00,3,38.14,India,114.42
108716,1010.0,2024-01-17 20:00:00,7,15.54,Germany,108.78
188891,1001.0,2024-01-17 21:00:00,3,81.78,India,245.34
187545,1066.0,2024-01-17 22:00:00,8,95.03,UK,760.24
189912,1086.0,2024-01-17 23:00:00,6,11.87,USA,71.22
170316,1011.0,2024-01-18 00:00:00,5,95.74,USA,478.7
102368,1019.0,2024-01-18 01:00:00,4,54.64,USA,218.56
177575,1004.0,2024-01-18 02:00:00,8,33.46,Germany,267.68
106655,1036.0,2024-01-18 03:00:00,8,12.3,USA,98.4
170031,1037.0,2024-01-18 04:00:00,1,52.56,Germany,52.56
176429,1093.0,2024-01-18 05:00:00,9,80.48,UK,724.32
191083,1008.0,2024-01-18 06:00:00,5,72.17,UK,360.85
187922,1097.0,2024-01-18 07:00:00,4,9.77,Germany,39.08
155766,1052.0,2024-01-18 08:00:00,6,11.93,India,71.58
113403,1043.0,2024-01-18 09:00:00,6,43.27,USA,259.62
132097,1098.0,2024-01-18 10:00:00,2,33.05,USA,66.1
178657,1085.0,2024-01-18 11:00:00,8,27.08,USA,216.64
110966,1023.0,2024-01-18 12:00:00,7,31.7,Germany,221.9
199157,1080.0,2024-01-18 13:00:00,1,81.33,UK,81.33
193848,1073.0,2024-01-18 14:00:00,5,93.28,USA,466.4
152921,1029.0,2024-01-18 15:00:00,6,43.48,UK,260.88
149726,1058.0,2024-01-18 16:00:00,4,91.08,USA,364.32
150300,1086.0,2024-01-18 17:00:00,2,35.54,USA,71.08
122677,1095.0,2024-01-18 18:00:00,4,50.26,Germany,201.04
155609,1080.0,2024-01-18 19:00:00,1,26.47,India,26.47
196825,1080.0,2024-01-18 20:00:00,7,65.85,Germany,460.94999999999993
156661,1013.0,2024-01-18 21:00:00,2,98.0,USA,196.0
131024,1008.0,2024-01-18 22:00:00,2,62.33,USA,124.66
170313,1039.0,2024-01-18 23:00:00,9,38.99,India,350.91
153006,1065.0,2024-01-19 00:00:00,5,66.54,UK,332.70000000000005
195285,1024.0,2024-01-19 01:00:00,2,16.68,UK,33.36
115338,1072.0,2024-01-19 02:00:00,9,89.42,USA,804.78
168027,1021.0,2024-01-19 03:00:00,9,52.79,UK,475.11
192772,1003.0,2024-01-19 04:00:00,1,47.69,USA,47.69
180135,1025.0,2024-01-19 05:00:00,3,60.66,India,181.98
119508,1057.0,2024-01-19 06:00:00,4,64.35,India,257.4
103051,1028.0,2024-01-19 07:00:00,7,11.82,USA,82.74000000000001
148747,1097.0,2024-01-19 08:00:00,4,69.85,India,279.4
187142,1086.0,2024-01-19 09:00:00,2,27.98,Germany,55.96
187235,1036.0,2024-01-19 10:00:00,7,72.83,Germany,509.81
154021,1074.0,2024-01-19 11:00:00,6,83.14,India,498.84000000000003
158335,1017.0,2024-01-19 13:00:00,6,57.49,USA,344.94
156179,1084.0,2024-01-19 14:00:00,6,54.42,India,326.52
132093,1041.0,2024-01-19 15:00:00,5,18.57,UK,92.85
169678,1099.0,2024-01-19 16:00:00,4,78.66,Germany,314.64
180738,1040.0,2024-01-19 17:00:00,1,30.78,UK,30.78
139734,1037.0,2024-01-19 18:00:00,6,52.19,USA,313.14
172615,1033.0,2024-01-19 19:00:00,2,32.01,USA,64.02
173523,1016.0,2024-01-19 20:00:00,3,17.71,UK,53.13
194476,1036.0,2024-01-19 21:00:00,8,64.81,India,518.48
117019,1024.0,2024-01-19 22:00:00,6,10.16,UK,60.96
183613,1075.0,2024-01-19 23:00:00,3,76.12,UK,228.36
191794,1086.0,2024-01-20 00:00:00,7,35.17,Germany,246.19
186672,1085.0,2024-01-20 01:00:00,4,5.01,Germany,20.04
173847,1084.0,2024-01-20 02:00:00,9,53.56,UK,482.04
182750,1026.0,2024-01-20 03:00:00,5,9.45,UK,47.25
179634,1056.0,2024-01-20 04:00:00,3,31.24,USA,93.72
128251,1030.0,2024-01-20 05:00:00,2,72.16,Germany,144.32
125945,1005.0,2024-01-20 06:00:00,2,10.96,Germany,21.92
190852,1090.0,2024-01-20 07:00:00,3,84.74,USA,254.21999999999997
132217,1039.0,2024-01-20 08:00:00,2,5.36,India,10.72
105949,1011.0,2024-01-20 10:00:00,2,75.39,Germany,150.78
151990,1052.0,2024-01-20 11:00:00,9,35.05,India,315.45
101150,1070.0,2024-01-20 12:00:00,2,14.68,Germany,29.36
189480,1009.0,2024-01-20 13:00:00,9,39.22,Germany,352.98
174740,1044.0,2024-01-20 14:00:00,6,30.69,India,184.14000000000001
166617,1016.0,2024-01-20 15:00:00,1,85.06,India,85.06
194841,1025.0,2024-01-20 16:00:00,4,34.77,UK,139.08
116896,1084.0,2024-01-20 17:00:00,1,79.95,USA,79.95
146175,1091.0,2024-01-20 18:00:00,6,89.73,USA,538.38
107805,1061.0,2024-01-20 19:00:00,4,46.21,India,184.84
105237,1045.0,2024-01-20 20:00:00,3,91.44,India,274.32
145543,1001.0,2024-01-20 22:00:00,9,96.59,UK,869.3100000000001
156556,1053.0,2024-01-20 23:00:00,6,13.48,UK,80.88
103343,1064.0,2024-01-21 00:00:00,9,70.27,India,632.43
113500,1050.0,2024-01-21 01:00:00,5,51.91,Germany,259.54999999999995
153222,1052.0,2024-01-21 02:00:00,2,41.83,Germany,83.66
129375,1035.0,2024-01-21 03:00:00,8,65.11,USA,520.88
116964,1028.0,2024-01-21 05:00:00,2,5.41,Germany,10.82
159638,1020.0,2024-01-21 06:00:00,4,20.86,USA,83.44
173666,1010.0,2024-01-21 07:00:00,9,72.74,India,654.66
185067,1039.0,2024-01-21 08:00:00,4,68.31,Germany,273.24
167215,1010.0,2024-01-21 09:00:00,4,96.77,USA,387.08
169042,1035.0,2024-01-21 10:00:00,2,77.3,UK,154.6
113284,1058.0,2024-01-21 11:00:00,6,95.32,Germany,571.92
172789,1038.0,2024-01-21 12:00:00,2,71.74,Germany,143.48
184664,1098.0,2024-01-21 13:00:00,7,33.31,UK,233.17000000000002
193468,1053.0,2024-01-21 14:00:00,3,15.01,India,45.03
161389,1097.0,2024-01-21 15:00:00,3,79.27,UK,237.81
109435,1054.0,2024-01-21 16:00:00,5,66.19,Germany,330.95
154340,1023.0,2024-01-21 17:00:00,3,9.58,India,28.740000000000002
144078,1021.0,2024-01-21 18:00:00,2,39.2,USA,78.4
178832,1068.0,2024-01-21 19:00:00,9,95.9,USA,863.1
151293,1055.0,2024-01-21 20:00:00,2,52.54,USA,105.08
195981,1032.0,2024-01-21 21:00:00,2,46.11,Germany,92.22
178781,1035.0,2024-01-21 22:00:00,8,48.48,UK,387.84
160403,1019.0,2024-01-21 23:00:00,9,24.84,India,223.56
129124,1082.0,2024-01-22 00:00:00,7,40.03,USA,280.21000000000004
195435,1098.0,2024-01-22 01:00:00,3,40.13,India,120.39000000000001
143919,1080.0,2024-01-22 02:00:00,9,9.97,Germany,89.73
135247,1061.0,2024-01-22 03:00:00,3,77.92,USA,233.76
194758,1097.0,2024-01-22 04:00:00,5,44.57,Germany,222.85
191747,1072.0,2024-01-22 05:00:00,9,83.11,UK,747.99
162752,1025.0,2024-01-22 06:00:00,3,85.78,Germany,257.34000000000003
156573,1065.0,2024-01-22 07:00:00,7,25.14,Germany,175.98000000000002
159101,1072.0,2024-01-22 08:00:00,1,67.45,UK,67.45
126646,1072.0,2024-01-22 09:00:00,4,49.87,India,199.48
123049,1039.0,2024-01-22 10:00:00,4,88.61,UK,354.44
179605,1016.0,2024-01-22 11:00:00,7,25.5,UK,178.5
198116,1000.0,2024-01-22 12:00:00,8,69.39,Germany,555.12
140158,1042.0,2024-01-22 15:00:00,7,17.98,UK,125.86
165417,1041.0,2024-01-22 16:00:00,4,66.91,India,267.64
123289,1024.0,2024-01-22 17:00:00,4,75.17,UK,300.68
109823,1038.0,2024-01-22 18:00:00,4,34.98,UK,139.92
160160,1034.0,2024-01-22 19:00:00,6,66.26,UK,397.56000000000006
109540,1043.0,2024-01-22 21:00:00,2,72.75,Germany,145.5
116364,1050.0,2024-01-22 22:00:00,5,23.93,India,119.65
104611,1093.0,2024-01-22 23:00:00,4,89.57,India,358.28
127663,1097.0,2024-01-23 00:00:00,3,32.3,India,96.89999999999999
151991,1011.0,2024-01-23 01:00:00,7,39.94,UK,279.58
157679,1018.0,2024-01-23 02:00:00,6,10.52,Germany,63.12
130977,1043.0,2024-01-23 03:00:00,7,15.59,UK,109.13
194704,1058.0,2024-01-23 04:00:00,5,54.01,UK,270.05
149115,1048.0,2024-01-23 05:00:00,6,30.42,India,182.52
191007,1060.0,2024-01-23 06:00:00,5,84.37,UK,421.85
188223,1016.0,2024-01-23 07:00:00,7,6.4,USA,44.800000000000004
160890,1073.0,2024-01-23 08:00:00,2,41.01,UK,82.02
166387,1056.0,2024-01-23 09:00:00,5,37.05,USA,185.25
118071,1054.0,2024-01-23 10:00:00,6,6.84,UK,41.04
159275,1046.0,2024-01-23 11:00:00,6,16.81,Germany,100.85999999999999
172369,1011.0,2024-01-23 12:00:00,5,44.3,Germany,221.5
111938,1061.0,2024-01-23 13:00:00,7,51.82,India,362.74
135195,1079.0,2024-01-23 14:00:00,8,43.41,UK,347.28
191680,1087.0,2024-01-23 15:00:00,7,55.44,USA,388.08
104000,1082.0,2024-01-23 16:00:00,5,61.54,USA,307.7
170588,1007.0,2024-01-23 17:00:00,1,5.94,UK,5.94
193610,1094.0,2024-01-23 18:00:00,5,49.09,USA,245.45000000000002
197856,1020.0,2024-01-23 19:00:00,2,96.53,Germany,193.06
138304,1080.0,2024-01-23 20:00:00,5,54.31,USA,271.55
169449,1086.0,2024-01-23 21:00:00,5,69.37,India,346.85
182986,1079.0,2024-01-23 22:00:00,2,34.63,Germany,69.26
189643,1069.0,2024-01-23 23:00:00,5,78.53,Germany,392.65
120764,1071.0,2024-01-24 00:00:00,4,78.43,Germany,313.72
186027,1024.0,2024-01-24 01:00:00,1,54.52,UK,54.52
138494,1081.0,2024-01-24 02:00:00,3,97.72,UK,293.15999999999997
103373,1088.0,2024-01-24 03:00:00,1,16.93,Germany,16.93
112161,1011.0,2024-01-24 04:00:00,5,6.61,UK,33.050000000000004
197532,1014.0,2024-01-24 05:00:00,4,78.17,USA,312.68
192658,1058.0,2024-01-24 06:00:00,7,81.68,UK,571.76
127350,1025.0,2024-01-24 07:00:00,5,16.42,UK,82.10000000000001
193008,1025.0,2024-01-24 08:00:00,4,30.23,Germany,120.92
194297,1046.0,2024-01-24 09:00:00,2,6.67,India,13.34
125351,1031.0,2024-01-24 10:00:00,4,32.86,India,131.44
188668,1009.0,2024-01-24 11:00:00,2,78.45,India,156.9
115305,1015.0,2024-01-24 12:00:00,8,54.21,USA,433.68
175353,1070.0,2024-01-24 13:00:00,3,38.07,UK,114.21000000000001
176797,1016.0,2024-01-24 14:00:00,9,40.32,India,362.88
165953,1022.0,2024-01-24 15:00:00,4,5.13,Germany,20.52
157458,1025.0,2024-01-24 16:00:00,6,33.48,India,200.88
120358,1084.0,2024-01-24 17:00:00,5,66.41,India,332.04999999999995
103267,1085.0,2024-01-24 18:00:00,1,97.55,UK,97.55
182745,1006.0,2024-01-24 19:00:00,9,85.47,UK,769.23
189588,1013.0,2024-01-24 20:00:00,1,7.24,UK,7.24
138513,1078.0,2024-01-24 21:00:00,8,90.36,USA,722.88
126092,1006.0,2024-01-24 22:00:00,9,79.4,USA,714.6
111338,1008.0,2024-01-24 23:00:00,9,79.14,India,712.26
100412,1047.0,2024-01-25 00:00:00,1,48.51,UK,48.51
107543,1071.0,2024-01-25 01:00:00,2,42.81,India,85.62
133496,1058.0,2024-01-25 02:00:00,1,33.78,Germany,33.78
160692,1086.0,2024-01-25 03:00:00,2,11.24,Germany,22.48
189084,1092.0,2024-01-25 04:00:00,8,26.68,UK,213.44
192920,1081.0,2024-01-25 05:00:00,5,28.43,UK,142.15
144425,1094.0,2024-01-25 06:00:00,7,50.99,Germany,356.93
138756,1093.0,2024-01-25 07:00:00,2,76.01,UK,152.02
118888,1038.0,2024-01-25 08:00:00,8,50.01,USA,400.08
135735,1098.0,2024-01-25 09:00:00,6,10.5,USA,63.0
147295,1017.0,2024-01-25 10:00:00,8,95.99,UK,767.92
183042,1058.0,2024-01-25 11:00:00,1,94.56,Germany,94.56
185999,1016.0,2024-01-25 12:00:00,1,79.59,India,79.59
117955,1013.0,2024-01-25 13:00:00,7,99.18,UK,694.26
137841,1030.0,2024-01-25 14:00:00,8,56.73,UK,453.84
170640,1023.0,2024-01-25 15:00:00,3,96.46,India,289.38
165510,1098.0,2024-01-25 16:00:00,5,12.18,UK,60.9
134911,1059.0,2024-01-25 17:00:00,1,39.74,India,39.74
159031,1044.0,2024-01-25 18:00:00,7,26.41,Germany,184.87
188726,1097.0,2024-01-25 19:00:00,5,23.6,USA,118.0
107357,1002.0,2024-01-25 20:00:00,8,18.38,Germany,147.04
161476,1042.0,2024-01-25 22:00:00,9,79.23,India,713.07
144811,1039.0,2024-01-25 23:00:00,7,59.94,USA,419.58
136208,1089.0,2024-01-26 00:00:00,1,18.96,Germany,18.96
120150,1054.0,2024-01-26 01:00:00,3,82.06,USA,246.18
171180,1086.0,2024-01-26 02:00:00,8,65.42,India,523.36
143286,1038.0,2024-01-26 03:00:00,3,41.88,USA,125.64000000000001
168450,1014.0,2024-01-26 04:00:00,8,69.04,UK,552.32
121352,1003.0,2024-01-26 05:00:00,1,29.69,Germany,29.69
155069,1092.0,2024-01-26 06:00:00,5,37.79,UK,188.95
114397,1085.0,2024-01-26 07:00:00,4,92.16,India,368.64
141555,1024.0,2024-01-26 08:00:00,5,32.6,USA,163.0
146959,1012.0,2024-01-26 09:00:00,8,49.65,UK,397.2
100728,1081.0,2024-01-26 10:00:00,4,89.56,UK,358.24
150517,1032.0,2024-01-26 11:00:00,4,72.23,USA,288.92
166234,1015.0,2024-01-26 12:00:00,3,10.91,USA,32.730000000000004
139954,1041.0,2024-01-26 13:00:00,7,18.99,Germany,132.92999999999998
147280,1065.0,2024-01-26 14:00:00,3,5.74,UK,17.22
179459,1054.0,2024-01-26 15:00:00,3,64.94,UK,194.82
116779,1098.0,2024-01-26 16:00:00,5,47.53,India,237.65
163932,1041.0,2024-01-26 17:00:00,5,17.76,Germany,88.80000000000001
172936,1033.0,2024-01-26 18:00:00,6,96.0,India,576.0
124466,1029.0,2024-01-26 19:00:00,8,55.32,UK,442.56
136939,1012.0,2024-01-26 20:00:00,6,27.98,India,167.88
169896,1012.0,2024-01-26 21:00:00,1,52.56,UK,52.56
135270,1017.0,2024-01-26 22:00:00,8,69.56,UK,556.48
159163,1031.0,2024-01-26 23:00:00,8,12.24,India,97.92
182637,1095.0,2024-01-27 00:00:00,9,31.1,India,279.90000000000003
151934,1098.0,2024-01-27 01:00:00,9,81.66,USA,734.9399999999999
164895,1038.0,2024-01-27 02:00:00,2,48.67,USA,97.34
132307,1045.0,2024-01-27 03:00:00,2,56.92,USA,113.84
154098,1028.0,2024-01-27 04:00:00,3,46.12,UK,138.35999999999999
160921,1061.0,2024-01-27 05:00:00,1,9.17,India,9.17
105486,1092.0,2024-01-27 06:00:00,4,20.75,Germany,83.0
108335,1061.0,2024-01-27 07:00:00,4,47.33,UK,189.32
186900,1056.0,2024-01-27 08:00:00,9,24.87,Germany,223.83
197203,1055.0,2024-01-27 10:00:00,9,85.15,UK,766.35
111130,1009.0,2024-01-27 11:00:00,7,98.21,Germany,687.4699999999999
187508,1029.0,2024-01-27 12:00:00,2,80.35,Germany,160.7
160566,1024.0,2024-01-27 13:00:00,5,86.11,USA,430.55
166703,1083.0,2024-01-27 14:00:00,4,27.99,USA,111.96
127192,1004.0,2024-01-27 15:00:00,8,96.26,USA,770.08
101062,1064.0,2024-01-27 16:00:00,2,23.71,UK,47.42
184076,1093.0,2024-01-27 17:00:00,6,95.39,India,572.34
189780,1048.0,2024-01-27 18:00:00,5,99.51,India,497.55
121545,1002.0,2024-01-27 19:00:00,2,72.61,USA,145.22
121689,1044.0,2024-01-27 20:00:00,1,98.21,USA,98.21
111174,1013.0,2024-01-27 21:00:00,8,59.11,USA,472.88
188461,1029.0,2024-01-27 22:00:00,2,29.66,Germany,59.32
109348,1067.0,2024-01-27 23:00:00,7,46.51,USA,325.57
123714,1017.0,2024-01-28 00:00:00,9,61.39,Germany,552.51
138102,1061.0,2024-01-28 01:00:00,9,11.94,India,107.46
174460,1036.0,2024-01-28 02:00:00,8,64.12,UK,512.96
189930,1024.0,2024-01-28 03:00:00,9,98.21,UK,883.89
106801,1047.0,2024-01-28 04:00:00,2,23.06,UK,46.12
172267,1064.0,2024-01-28 05:00:00,6,80.3,UK,481.79999999999995
148136,1052.0,2024-01-28 06:00:00,4,91.25,Germany,365.0
123625,1078.0,2024-01-28 07:00:00,4,94.65,Germany,378.6
182873,1072.0,2024-01-28 08:00:00,5,96.21,USA,481.04999999999995
172592,1014.0,2024-01-28 09:00:00,3,54.54,Germany,163.62
177052,1048.0,2024-01-28 10:00:00,1,97.84,USA,97.84
101542,1067.0,2024-01-28 12:00:00,5,20.36,UK,101.8
146732,1058.0,2024-01-28 14:00:00,7,73.24,Germany,512.68
150343,1036.0,2024-01-28 15:00:00,7,28.5,USA,199.5
139081,1060.0,2024-01-28 16:00:00,1,65.86,USA,65.86
162856,1042.0,2024-01-28 17:00:00,9,68.33,India,614.97
193105,1069.0,2024-01-28 18:00:00,2,20.46,India,40.92
188858,1038.0,2024-01-28 19:00:00,5,58.68,USA,293.4
119065,1055.0,2024-01-28 20:00:00,5,78.3,India,391.5
183460,1062.0,2024-01-28 21:00:00,8,52.4,India,419.2
188092,1045.0,2024-01-28 22:00:00,8,6.15,USA,49.2
154693,1087.0,2024-01-28 23:00:00,7,5.86,USA,41.02
126962,1010.0,2024-01-29 00:00:00,7,38.92,Germany,272.44
128295,1061.0,2024-01-29 01:00:00,6,92.99,USA,557.9399999999999
113807,1076.0,2024-01-29 02:00:00,6,26.72,USA,160.32
142348,1097.0,2024-01-29 03:00:00,9,65.26,UK,587.34
126432,1024.0,2024-01-29 04:00:00,6,26.1,Germany,156.60000000000002
183285,1070.0,2024-01-29 05:00:00,2,35.56,Germany,71.12
191792,1051.0,2024-01-29 06:00:00,2,85.56,Germany,171.12
157854,1003.0,2024-01-29 07:00:00,5,74.24,UK,371.2
140262,1058.0,2024-01-29 08:00:00,4,14.06,USA,56.24
137080,1071.0,2024-01-29 09:00:00,2,45.73,Germany,91.46
101324,1019.0,2024-01-29 10:00:00,3,7.77,Germany,23.31
191267,1092.0,2024-01-29 11:00:00,7,50.68,India,354.76
135909,1062.0,2024-01-29 12:00:00,8,67.93,Germany,543.44
189339,1053.0,2024-01-29 13:00:00,6,16.26,USA,97.56
119870,1073.0,2024-01-29 14:00:00,5,32.44,USA,162.2
134578,1097.0,2024-01-29 15:00:00,1,42.79,India,42.79
172124,1056.0,2024-01-29 16:00:00,8,92.36,Germany,738.88
126790,1089.0,2024-01-29 17:00:00,3,99.36,Germany,298.08
125289,1040.0,2024-01-29 18:00:00,6,9.27,Germany,55.62
155129,1002.0,2024-01-29 19:00:00,3,77.3,UK,231.89999999999998
193714,1005.0,2024-01-29 20:00:00,7,40.31,Germany,282.17
194246,1004.0,2024-01-29 21:00:00,7,42.28,USA,295.96000000000004
115485,1004.0,2024-01-29 22:00:00,9,76.66,USA,689.9399999999999
144482,1053.0,2024-01-29 23:00:00,5,92.25,UK,461.25
186188,1046.0,2024-01-30 00:00:00,8,95.34,UK,762.72
104748,1086.0,2024-01-30 01:00:00,8,59.83,Germany,478.64
186769,1048.0,2024-01-30 02:00:00,1,38.93,India,38.93
109435,1008.0,2024-01-30 03:00:00,5,79.82,UK,399.09999999999997
103709,1098.0,2024-01-30 04:00:00,3,28.85,UK,86.55000000000001
130355,1019.0,2024-01-30 05:00:00,1,58.59,Germany,58.59
155771,1060.0,2024-01-30 06:00:00,4,39.06,Germany,156.24
157799,1034.0,2024-01-30 07:00:00,8,67.38,UK,539.04
125470,1081.0,2024-01-30 09:00:00,2,23.2,UK,46.4
142344,1061.0,2024-01-30 10:00:00,9,92.23,Germany,830.07
152224,1087.0,2024-01-30 12:00:00,7,53.07,UK,371.49
139298,1002.0,2024-01-30 13:00:00,2,25.98,India,51.96
180219,1031.0,2024-01-30 14:00:00,9,8.7,UK,78.3
161629,1098.0,2024-01-30 15:00:00,9,8.42,UK,75.78
166040,1012.0,2024-01-30 16:00:00,4,21.65,Germany,86.6
199518,1088.0,2024-01-30 17:00:00,4,87.34,India,349.36
199835,1072.0,2024-01-30 18:00:00,6,31.84,USA,191.04
128016,1067.0,2024-01-30 19:00:00,6,95.29,India,571.74
123960,1013.0,2024-01-30 20:00:00,1,60.25,UK,60.25
133591,1097.0,2024-01-30 21:00:00,9,46.48,UK,418.32
182848,1010.0,2024-01-30 22:00:00,2,60.11,UK,120.22
167641,1055.0,2024-01-30 23:00:00,5,54.09,India,270.45000000000005
136395,1066.0,2024-01-31 00:00:00,9,77.08,Germany,693.72
122700,1091.0,2024-01-31 01:00:00,4,31.84,UK,127.36
134620,1028.0,2024-01-31 02:00:00,3,38.54,UK,115.62
120559,1008.0,2024-01-31 03:00:00,7,89.94,India,629.5799999999999
193045,1066.0,2024-01-31 04:00:00,6,94.91,USA,569.46
193396,1024.0,2024-01-31 05:00:00,8,89.79,USA,718.32
161642,1097.0,2024-01-31 06:00:00,3,44.85,Germany,134.55
176539,1075.0,2024-01-31 07:00:00,5,79.13,Germany,395.65
121732,1041.0,2024-01-31 08:00:00,4,50.25,UK,201.0
191362,1008.0,2024-01-31 09:00:00,4,52.27,India,209.08
130354,1078.0,2024-01-31 10:00:00,4,24.44,UK,97.76
113843,1039.0,2024-01-31 11:00:00,8,61.16,Germany,489.28
171726,1024.0,2024-01-31 12:00:00,6,22.68,India,136.07999999999998
117640,1004.0,2024-01-31 13:00:00,3,36.5,India,109.5
152528,1010.0,2024-01-31 14:00:00,5,86.23,Germany,431.15000000000003
138413,1058.0,2024-01-31 15:00:00,6,24.67,USA,148.02
152638,1097.0,2024-01-31 16:00:00,5,11.76,USA,58.8
152736,1087.0,2024-01-31 17:00:00,6,11.56,India,69.36
168866,1078.0,2024-01-31 18:00:00,8,94.37,UK,754.96
119087,1037.0,2024-01-31 19:00:00,7,53.16,USA,372.12
141430,1071.0,2024-01-31 20:00:00,5,43.89,UK,219.45
124504,1004.0,2024-01-31 21:00:00,6,82.03,USA,492.18
107114,1047.0,2024-01-31 22:00:00,4,84.4,USA,337.6
178859,1089.0,2024-01-31 23:00:00,9,36.56,UK,329.04
199657,1017.0,2024-02-01 00:00:00,4,70.89,Germany,283.56
110975,1069.0,2024-02-01 01:00:00,1,78.26,USA,78.26
111023,1036.0,2024-02-01 02:00:00,7,67.19,USA,470.33
121447,1059.0,2024-02-01 03:00:00,7,19.4,UK,135.79999999999998
190469,1047.0,2024-02-01 04:00:00,4,88.21,Germany,352.84
123959,1076.0,2024-02-01 05:00:00,3,56.21,USA,168.63
166203,1027.0,2024-02-01 06:00:00,8,31.83,USA,254.64
129703,1068.0,2024-02-01 07:00:00,5,45.4,Germany,227.0
109337,1076.0,2024-02-01 08:00:00,7,8.57,USA,59.99
146427,1080.0,2024-02-01 09:00:00,4,17.15,Germany,68.6
161529,1039.0,2024-02-01 10:00:00,4,77.73,Germany,310.92
184665,1044.0,2024-02-01 11:00:00,8,5.0,UK,40.0
131921,1095.0,2024-02-01 12:00:00,8,44.57,India,356.56
133307,1061.0,2024-02-01 13:00:00,2,54.64,Germany,109.28
127355,1092.0,2024-02-01 14:00:00,2,10.19,UK,20.38
104835,1057.0,2024-02-01 15:00:00,3,97.44,India,292.32
120159,1066.0,2024-02-01 16:00:00,3,26.48,USA,79.44
147605,1055.0,2024-02-01 17:00:00,1,33.9,India,33.9
138088,1039.0,2024-02-01 18:00:00,3,33.87,Germany,101.60999999999999
155284,1039.0,2024-02-01 20:00:00,8,5.14,Germany,41.12
157043,1090.0,2024-02-01 21:00:00,6,74.29,Germany,445.74
135547,1076.0,2024-02-01 22:00:00,5,96.85,Germany,484.25
197007,1032.0,2024-02-01 23:00:00,4,26.31,UK,105.24
182844,1005.0,2024-02-02 00:00:00,3,67.99,Germany,203.96999999999997
127532,1087.0,2024-02-02 01:00:00,4,75.48,UK,301.92
134349,1018.0,2024-02-02 02:00:00,7,85.6,USA,599.1999999999999
145445,1079.0,2024-02-02 03:00:00,1,45.15,Germany,45.15
105713,1039.0,2024-02-02 04:00:00,7,33.78,Germany,236.46
156178,1091.0,2024-02-02 05:00:00,1,35.9,India,35.9
149407,1096.0,2024-02-02 06:00:00,2,72.7,USA,145.4
170340,1058.0,2024-02-02 07:00:00,4,82.59,Germany,330.36
150990,1058.0,2024-02-02 08:00:00,1,22.25,Germany,22.25
175672,1047.0,2024-02-02 09:00:00,9,40.24,USA,362.16
165545,1040.0,2024-02-02 10:00:00,6,90.68,UK,544.08
184791,1012.0,2024-02-02 11:00:00,1,81.64,Germany,81.64
158141,1044.0,2024-02-02 12:00:00,1,98.56,India,98.56
123793,1088.0,2024-02-02 13:00:00,6,76.65,Germany,459.90000000000003
156570,1052.0,2024-02-02 14:00:00,4,42.35,India,169.4
195084,1041.0,2024-02-02 15:00:00,4,61.11,India,244.44
137892,1099.0,2024-02-02 16:00:00,6,67.8,Germany,406.79999999999995
101015,1062.0,2024-02-02 17:00:00,7,12.45,Germany,87.14999999999999
161813,1026.0,2024-02-02 18:00:00,9,56.73,India,510.57
127712,1037.0,2024-02-02 19:00:00,5,72.39,USA,361.95
108415,1059.0,2024-02-02 20:00:00,9,20.9,USA,188.1
162292,1006.0,2024-02-02 21:00:00,4,79.16,Germany,316.64
123833,1004.0,2024-02-02 22:00:00,2,60.46,UK,120.92
104158,1044.0,2024-02-02 23:00:00,3,95.46,USA,286.38
162680,1057.0,2024-02-03 00:00:00,1,9.03,Germany,9.03
120309,1030.0,2024-02-03 01:00:00,6,30.21,USA,181.26
106970,1022.0,2024-02-03 02:00:00,6,62.15,UK,372.9
172474,1041.0,2024-02-03 03:00:00,1,33.17,Germany,33.17
146540,1031.0,2024-02-03 05:00:00,5,77.11,Germany,385.55
120384,1052.0,2024-02-03 06:00:00,3,14.74,UK,44.22
118017,1029.0,2024-02-03 07:00:00,3,53.82,USA,161.46
175880,1038.0,2024-02-03 08:00:00,3,53.34,USA,160.02
108702,1030.0,2024-02-03 09:00:00,5,40.08,UK,200.39999999999998
100384,1081.0,2024-02-03 10:00:00,5,93.63,UK,468.15
100404,1099.0,2024-02-03 11:00:00,4,83.61,UK,334.44
140943,1001.0,2024-02-03 12:00:00,1,71.23,Germany,71.23
147926,1077.0,2024-02-03 13:00:00,5,72.86,USA,364.3
129189,1076.0,2024-02-03 14:00:00,5,48.86,Germany,244.3
112763,1092.0,2024-02-03 15:00:00,4,92.49,USA,369.96
118384,1011.0,2024-02-03 16:00:00,6,70.99,India,425.93999999999994
160100,1038.0,2024-02-03 17:00:00,4,74.25,Germany,297.0
198142,1065.0,2024-02-03 18:00:00,7,86.86,USA,608.02
109860,1095.0,2024-02-03 19:00:00,7,31.04,USA,217.28
180642,1012.0,2024-02-03 20:00:00,2,81.67,Germany,163.34
150612,1045.0,2024-02-03 21:00:00,3,23.55,Germany,70.65
123574,1026.0,2024-02-03 22:00:00,1,37.81,USA,37.81
123524,1016.0,2024-02-03 23:00:00,8,36.88,Germany,295.04
169172,1094.0,2024-02-04 00:00:00,9,97.96,UK,881.64
110916,1097.0,2024-02-04 01:00:00,4,86.37,Germany,345.48
104809,1059.0,2024-02-04 02:00:00,6,71.61,Germany,429.65999999999997
132201,1063.0,2024-02-04 03:00:00,9,74.07,Germany,666.6299999999999
153330,1087.0,2024-02-04 04:00:00,6,58.4,USA,350.4
113456,1034.0,2024-02-04 05:00:00,9,94.97,UK,854.73
156397,1069.0,2024-02-04 06:00:00,4,52.14,India,208.56
138765,1082.0,2024-02-04 07:00:00,8,41.15,India,329.2
134816,1029.0,2024-02-04 08:00:00,9,20.49,UK,184.41
145106,1070.0,2024-02-04 09:00:00,4,79.69,UK,318.76
153932,1073.0,2024-02-04 10:00:00,5,74.77,UK,373.84999999999997
117100,1095.0,2024-02-04 11:00:00,8,41.51,USA,332.08
157091,1097.0,2024-02-04 12:00:00,6,7.39,India,44.339999999999996
121949,1062.0,2024-02-04 13:00:00,7,84.7,UK,592.9
170080,1027.0,2024-02-04 14:00:00,3,6.08,USA,18.240000000000002
137744,1059.0,2024-02-04 15:00:00,7,71.85,India,502.94999999999993
145543,1078.0,2024-02-04 16:00:00,8,97.17,Germany,777.36
192193,1093.0,2024-02-04 17:00:00,6,46.58,USA,279.48
136187,1036.0,2024-02-04 18:00:00,9,27.32,India,245.88
114489,1021.0,2024-02-04 20:00:00,9,82.63,India,743.67
161877,1019.0,2024-02-04 22:00:00,8,96.87,Germany,774.96
143125,1095.0,2024-02-04 23:00:00,4,9.91,USA,39.64
149922,1099.0,2024-02-05 00:00:00,2,52.96,UK,105.92
194074,1067.0,2024-02-05 01:00:00,9,73.25,Germany,659.25
132049,1090.0,2024-02-05 02:00:00,5,86.95,Germany,434.75
137131,1063.0,2024-02-05 03:00:00,4,22.03,India,88.12
142944,1016.0,2024-02-05 04:00:00,2,81.0,UK,162.0
173963,1011.0,2024-02-05 05:00:00,1,57.51,USA,57.51
124285,1021.0,2024-02-05 06:00:00,7,42.67,UK,298.69
142808,1009.0,2024-02-05 08:00:00,2,87.2,UK,174.4
188464,1064.0,2024-02-05 09:00:00,8,19.94,UK,159.52
153871,1021.0,2024-02-05 10:00:00,4,34.43,UK,137.72
119198,1089.0,2024-02-05 11:00:00,8,32.55,India,260.4
119758,1081.0,2024-02-05 12:00:00,7,87.78,India,614.46
115254,1049.0,2024-02-05 13:00:00,5,68.91,Germany,344.54999999999995
144238,1013.0,2024-02-05 14:00:00,8,80.68,India,645.44
101252,1063.0,2024-02-05 15:00:00,9,28.79,Germany,259.11
139764,1046.0,2024-02-05 16:00:00,5,64.36,Germany,321.8
177709,1028.0,2024-02-05 17:00:00,5,59.32,USA,296.6
137441,1075.0,2024-02-05 18:00:00,2,84.12,UK,168.24
192234,1035.0,2024-02-05 19:00:00,5,91.08,India,455.4
153682,1098.0,2024-02-05 20:00:00,3,6.15,USA,18.450000000000003
159494,1051.0,2024-02-05 21:00:00,7,69.03,India,483.21000000000004
181317,1075.0,2024-02-05 22:00:00,5,9.92,Germany,49.6
165215,1006.0,2024-02-05 23:00:00,8,57.14,India,457.12
178587,1028.0,2024-02-06 00:00:00,1,32.33,UK,32.33
106949,1010.0,2024-02-06 01:00:00,3,34.14,Germany,102.42
155393,1032.0,2024-02-06 02:00:00,3,38.53,Germany,115.59
173553,1005.0,2024-02-06 03:00:00,9,64.02,USA,576.18
106941,1078.0,2024-02-06 04:00:00,5,36.73,UK,183.64999999999998
125934,1031.0,2024-02-06 05:00:00,9,74.61,Germany,671.49
123386,1050.0,2024-02-06 06:00:00,9,43.43,UK,390.87
161886,1074.0,2024-02-06 07:00:00,1,11.49,India,11.49
175745,1057.0,2024-02-06 08:00:00,2,79.46,UK,158.92
183251,1086.0,2024-02-06 09:00:00,5,32.15,Germany,160.75
194456,1025.0,2024-02-06 10:00:00,4,46.11,USA,184.44
153413,1097.0,2024-02-06 11:00:00,9,70.12,Germany,631.08
156800,1045.0,2024-02-06 12:00:00,7,36.58,UK,256.06
197239,1097.0,2024-02-06 13:00:00,6,10.38,UK,62.28
142318,1028.0,2024-02-06 14:00:00,7,40.52,Germany,283.64000000000004
170173,1003.0,2024-02-06 15:00:00,1,94.72,UK,94.72
170390,1080.0,2024-02-06 16:00:00,1,65.96,India,65.96
152329,1098.0,2024-02-06 17:00:00,8,68.79,Germany,550.32
143088,1012.0,2024-02-06 18:00:00,2,65.07,USA,130.14
139811,1038.0,2024-02-06 19:00:00,9,23.9,Germany,215.1
155479,1014.0,2024-02-06 20:00:00,7,44.74,India,313.18
185392,1028.0,2024-02-06 21:00:00,6,76.34,India,458.04
187369,1028.0,2024-02-06 22:00:00,1,14.63,India,14.63
119963,1074.0,2024-02-06 23:00:00,1,31.4,India,31.4
155123,1031.0,2024-02-07 00:00:00,2,31.25,India,62.5
192705,1001.0,2024-02-07 01:00:00,6,46.04,USA,276.24
173477,1046.0,2024-02-07 02:00:00,6,98.14,UK,588.84
114388,1077.0,2024-02-07 03:00:00,2,11.41,India,22.82
105569,1083.0,2024-02-07 04:00:00,1,54.28,India,54.28
169836,1021.0,2024-02-07 05:00:00,5,22.04,Germany,110.19999999999999
136586,1074.0,2024-02-07 06:00:00,5,97.21,USA,486.04999999999995
112015,1026.0,2024-02-07 07:00:00,2,15.76,USA,31.52
145002,1066.0,2024-02-07 08:00:00,6,43.34,UK,260.04
106254,1080.0,2024-02-07 09:00:00,9,75.1,USA,675.9
117144,1055.0,2024-02-07 10:00:00,2,71.93,Germany,143.86
124214,1091.0,2024-02-07 11:00:00,2,45.16,Germany,90.32
180719,1092.0,2024-02-07 12:00:00,3,37.92,UK,113.76
171774,1020.0,2024-02-07 13:00:00,7,42.77,Germany,299.39000000000004
106090,1046.0,2024-02-07 14:00:00,6,30.11,India,180.66
111637,1079.0,2024-02-07 15:00:00,8,24.51,India,196.08
122415,1058.0,2024-02-07 16:00:00,8,50.89,Germany,407.12
124071,1083.0,2024-02-07 17:00:00,6,30.51,UK,183.06
158243,1005.0,2024-02-07 18:00:00,3,32.31,USA,96.93
141240,1018.0,2024-02-07 19:00:00,3,67.39,UK,202.17000000000002
183807,1056.0,2024-02-07 20:00:00,1,97.01,USA,97.01
133434,1068.0,2024-02-07 21:00:00,7,62.35,Germany,436.45
169724,1002.0,2024-02-07 22:00:00,5,12.31,Germany,61.550000000000004
175697,1000.0,2024-02-07 23:00:00,4,12.18,India,48.72
128732,1057.0,2024-02-08 00:00:00,4,95.39,USA,381.56
111314,1037.0,2024-02-08 01:00:00,4,33.24,UK,132.96
157108,1033.0,2024-02-08 03:00:00,8,61.91,UK,495.28
187044,1060.0,2024-02-08 04:00:00,8,64.25,India,514.0
187505,1034.0,2024-02-08 05:00:00,5,66.61,USA,333.05
136668,1063.0,2024-02-08 06:00:00,6,30.4,USA,182.39999999999998
123061,1024.0,2024-02-08 07:00:00,4,6.44,Germany,25.76
179252,1023.0,2024-02-08 08:00:00,9,96.68,USA,870.1200000000001
139749,1011.0,2024-02-08 09:00:00,8,28.83,Germany,230.64
116907,1017.0,2024-02-08 10:00:00,1,69.22,India,69.22
118777,1014.0,2024-02-08 11:00:00,2,72.13,USA,144.26
193229,1079.0,2024-02-08 12:00:00,9,62.95,Germany,566.5500000000001
151745,1026.0,2024-02-08 13:00:00,8,34.73,UK,277.84
191865,1071.0,2024-02-08 14:00:00,3,30.75,Germany,92.25
181818,1059.0,2024-02-08 15:00:00,8,61.78,USA,494.24
123624,1045.0,2024-02-08 16:00:00,1,87.28,India,87.28
123321,1088.0,2024-02-08 17:00:00,4,94.94,USA,379.76
110488,1016.0,2024-02-08 18:00:00,3,15.06,USA,45.18
122574,1092.0,2024-02-08 19:00:00,6,19.71,Germany,118.26
105240,1052.0,2024-02-08 20:00:00,7,94.75,UK,663.25
143221,1007.0,2024-02-08 21:00:00,4,74.97,USA,299.88
110478,1078.0,2024-02-08 22:00:00,7,88.88,UK,622.16
155645,1026.0,2024-02-08 23:00:00,9,24.25,Germany,218.25
119262,1045.0,2024-02-09 00:00:00,2,60.82,UK,121.64
152796,1049.0,2024-02-09 01:00:00,3,71.61,Germany,214.82999999999998
104432,1070.0,2024-02-09 02:00:00,5,69.61,India,348.05
195257,1002.0,2024-02-09 03:00:00,3,43.77,UK,131.31
179104,1063.0,2024-02-09 05:00:00,8,60.38,India,483.04
159399,1043.0,2024-02-09 06:00:00,8,29.04,UK,232.32
179714,1052.0,2024-02-09 07:00:00,9,47.77,India,429.93
150428,1023.0,2024-02-09 08:00:00,4,95.97,USA,383.88
187731,1059.0,2024-02-09 09:00:00,5,42.91,Germany,214.54999999999998
100302,1002.0,2024-02-09 10:00:00,5,84.78,India,423.9
182558,1019.0,2024-02-09 11:00:00,8,22.91,UK,183.28
100055,1045.0,2024-02-09 12:00:00,7,68.88,India,482.15999999999997
108717,1014.0,2024-02-09 13:00:00,9,97.82,UK,880.3799999999999
128699,1024.0,2024-02-09 14:00:00,8,14.68,USA,117.44
173686,1093.0,2024-02-09 15:00:00,2,5.79,India,11.58
167661,1077.0,2024-02-09 16:00:00,4,46.19,USA,184.76
144247,1070.0,2024-02-09 17:00:00,6,13.8,Germany,82.80000000000001
116748,1016.0,2024-02-09 18:00:00,2,76.1,UK,152.2
104621,1083.0,2024-02-09 19:00:00,7,91.88,UK,643.16
115034,1099.0,2024-02-09 20:00:00,3,46.23,USA,138.69
105126,1008.0,2024-02-09 21:00:00,3,29.58,Germany,88.74
105122,1037.0,2024-02-09 22:00:00,2,46.27,India,92.54
118030,1047.0,2024-02-09 23:00:00,8,73.73,India,589.84
182838,1059.0,2024-02-10 00:00:00,6,5.86,UK,35.160000000000004
184717,1062.0,2024-02-10 01:00:00,1,61.0,USA,61.0
155658,1085.0,2024-02-10 02:00:00,1,63.26,USA,63.26
138638,1001.0,2024-02-10 03:00:00,7,65.58,India,459.06
167067,1087.0,2024-02-10 04:00:00,8,27.99,Germany,223.92
188869,1071.0,2024-02-10 05:00:00,5,72.84,Germany,364.20000000000005
134674,1010.0,2024-02-10 06:00:00,5,13.68,India,68.4
135854,1063.0,2024-02-10 07:00:00,4,23.93,India,95.72
146271,1076.0,2024-02-10 08:00:00,6,88.36,USA,530.16
173688,1080.0,2024-02-10 09:00:00,6,75.18,Germany,451.08000000000004
138518,1071.0,2024-02-10 10:00:00,3,6.31,India,18.93
110267,1020.0,2024-02-10 11:00:00,9,28.6,India,257.40000000000003
190825,1017.0,2024-02-10 12:00:00,7,25.37,UK,177.59
150448,1063.0,2024-02-10 14:00:00,7,28.52,India,199.64
195462,1081.0,2024-02-10 15:00:00,5,10.94,Germany,54.699999999999996
106229,1094.0,2024-02-10 16:00:00,5,48.6,USA,243.0
156793,1037.0,2024-02-10 17:00:00,2,74.61,Germany,149.22
147915,1031.0,2024-02-10 18:00:00,4,62.64,USA,250.56
104632,1010.0,2024-02-10 19:00:00,6,68.92,UK,413.52
103596,1044.0,2024-02-10 20:00:00,7,12.71,India,88.97
106168,1088.0,2024-02-10 21:00:00,5,95.39,UK,476.95
107561,1032.0,2024-02-10 22:00:00,9,84.66,USA,761.9399999999999
173794,1040.0,2024-02-10 23:00:00,3,81.48,Germany,244.44
182152,1007.0,2024-02-11 00:00:00,1,83.18,Germany,83.18
126734,1010.0,2024-02-11 01:00:00,4,93.61,UK,374.44
106371,1085.0,2024-02-11 02:00:00,9,56.7,USA,510.3
126069,1050.0,2024-02-11 03:00:00,4,24.03,UK,96.12
179905,1087.0,2024-02-11 04:00:00,2,63.59,UK,127.18
112910,1040.0,2024-02-11 05:00:00,5,75.57,India,377.84999999999997
173479,1016.0,2024-02-11 06:00:00,3,75.1,UK,225.29999999999998
177735,1075.0,2024-02-11 07:00:00,9,54.54,India,490.86
181264,1045.0,2024-02-11 08:00:00,4,11.5,India,46.0
123275,1031.0,2024-02-11 09:00:00,6,40.26,Germany,241.56
172274,1078.0,2024-02-11 10:00:00,2,92.47,India,184.94
181449,1079.0,2024-02-11 11:00:00,6,60.52,India,363.12
160004,1053.0,2024-02-11 12:00:00,3,56.14,Germany,168.42000000000002
184659,1091.0,2024-02-11 14:00:00,2,40.0,USA,80.0
154553,1019.0,2024-02-11 15:00:00,9,90.06,USA,810.54
